Transcript_text,prompt
"Mindfulness meditation can improve mental and physical health. It involves focusing on the present moment without judgment. Studies have shown that regular practice can reduce anxiety and depression symptoms, lower stress hormone levels, and improve immune function. Additionally, mindfulness meditation can improve attention and cognitive function, promote feelings of well-being, and increase happiness. All you need is a quiet space and a few minutes daily to focus on your breath and thoughts without getting caught up in them.","Create an artistic representation of a person practicing mindfulness meditation in a peaceful natural setting, surrounded by trees and birds, with rays of sunlight shining through the branches."
"Climate change is affecting biodiversity around the world. Extreme weather patterns and rising temperatures are causing many species to struggle to adapt. Some are migrating to new habitats, while others face extinction. Climate change also affects ecosystems, leading to changes in species interactions and ecological functions. Scientists are studying the relationship between climate, biodiversity, and ecosystem dynamics to address these challenges. By reducing greenhouse gas emissions and protecting vulnerable species and habitats, we can help mitigate the worst effects of climate change and preserve life on Earth.","Create a painting that depicts the effects of climate change on different ecosystems around the world, such as melting glaciers, rising sea levels, and changes in animal behavior and migration patterns."
"Effective time management is crucial for achieving your goals and minimizing stress. Prioritize tasks, break larger projects into smaller ones, and avoid distractions. Take regular breaks to recharge your energy. Learn to say ""no"" to tasks that don't align with your values, and delegate responsibilities when possible. Use calendars, to-do lists, and time-tracking apps to manage your schedule better.","Create an illustration of a person using a planner and a clock to manage their time efficiently. The scene can include elements that represent different activities and priorities, such as work, family, hobbies, and self-care."
"The Great Wall of China stretches over 13,000 miles across northern China. It was built over 2,000 years ago to protect the empire from invaders and was expanded and rebuilt by various dynasties. The wall has many sections ranging from ancient brick fortifications to modern stone ramparts. Today, it's a popular tourist destination and symbol of Chinese history and culture.","Create a detailed drawing or painting of a section of the Great Wall, featuring intricate brickwork, watchtowers, and scenic views of the surrounding landscape."
"Procrastination can interfere with productivity and well-being. Break tasks into smaller steps, set realistic deadlines, remove distractions, and use positive self-talk. Identify why you're procrastinating, such as fear of failure or lack of motivation, and address those issues directly. Take small, consistent actions towards your goals to overcome procrastination and achieve success.","Create a visual representation of a person breaking through a wall of resistance and procrastination, using tools like a sledgehammer, a timer, and positive affirmations."
"Good nutrition is vital for optimal brain health and function. A balanced diet that includes fruits, vegetables, whole grains, and lean proteins provides the nutrients your brain needs. Certain foods, such as fatty fish, nuts, and berries, have specific benefits for brain health, including improving memory, enhancing mood, and reducing the risk of cognitive decline. Make healthy food choices and avoid excessive sugar and processed foods to support brain health.","Create an artistic interpretation of a brain-shaped bowl filled with a variety of colorful fruits, vegetables, nuts, and seeds, with labels that highlight their specific nutrients and health benefits."
"Empathy is crucial for effective communication. It involves understanding and sharing another person's feelings. Empathy can improve relationships, resolve conflicts, and promote understanding. Active listening, asking open-ended questions, and responding with care and compassion are ways to develop empathy. Practicing empathy can improve communication and enhance the quality of your relationships.","Create an illustration of two people engaged in a conversation, with thought bubbles that show them actively listening and empathizing with each other's perspectives and emotions."
"Social media has both positive and negative impacts on mental health. It can provide social support and connection, but it can also lead to social comparison, anxiety, and depression. Social media use can affect sleep, self-esteem, and emotional well-being. Set boundaries, take breaks, and limit screen time to manage social media's impact on your mental health. Use social media mindfully and prioritize in-person connections.","Create a mixed media artwork that juxtaposes the positive and negative aspects of social media. The piece can include elements such as hashtags, likes, comments, selfies, and digital detox symbols."
"Strength training is beneficial for older adults. It can improve muscle strength, bone density, and mobility. Strength training can also reduce the risk of falls and injuries, as well as improve overall health and quality of life. Incorporate resistance exercises such as weight lifting, bodyweight exercises, or resistance bands into your routine two to three times per week. Always consult with a healthcare provider before starting a new exercise program.","Create a series of sketches or photographs that showcase older adults of different ages and abilities engaging in various strength training exercises, such as squats, push-ups, and resistance band workouts."
"Entrepreneurship has both challenges and rewards. Starting a business involves risk-taking, uncertainty, and hard work. However, it can also bring financial independence, creative freedom, and personal fulfillment. Successful entrepreneurs possess skills such as innovation, leadership, and persistence. Develop a business plan, seek advice from mentors, and be willing to adapt to changing circumstances. With dedication and resilience, entrepreneurship can be a fulfilling and rewarding career path.","Create an abstract painting that represents the ups and downs of the entrepreneurial journey, using colors, textures, and shapes to convey emotions such as excitement, frustration, perseverance, and success."
"Jazz music originated in the late 19th and early 20th centuries in African American communities in the southern United States. It combines elements of African and European musical traditions, improvisation, and syncopated rhythms. Jazz has played a significant role in American cultural history, as well as in global music scenes. It has influenced other genres such as rock, hip-hop, and electronic music. Jazz music continues to evolve and inspire new generations of musicians and fans.","Create a visual representation of a jazz performance, featuring musicians playing various instruments, such as a saxophone, trumpet, or piano. Use colors, shapes, and patterns to convey the energy and movement of the music, as well as the cultural and historical context of jazz."
"The internet has had a significant impact on the music industry, both positive and negative. On the one hand, it has made music more accessible and discoverable, allowing artists to reach global audiences without the need for record labels or physical distribution. On the other hand, it has also led to issues such as piracy, streaming royalties, and the decline of album sales. The internet has also changed the way music is consumed and produced, with the rise of digital formats, social media platforms, and streaming services.","Create a digital artwork that explores the relationship between technology and music. Use symbols, logos, and icons of popular music streaming services, social media platforms, and digital devices to create a visually striking composition that highlights the pros and cons of the internet's impact on the music industry."
"Developing good study habits is essential for academic success. Some tips for effective studying include creating a dedicated study space, setting achievable goals, using active learning techniques, such as note-taking and summarizing, taking breaks, and seeking help when needed. It's also important to prioritize self-care, such as getting enough sleep, eating well, and managing stress. By adopting good study habits, you can improve your learning outcomes and achieve your academic goals.","Create an illustrated guide that provides practical tips for effective studying. Use colorful visuals and easy-to-follow steps to show how to create a study space, set goals, take notes, and practice self-care. The guide can include elements such as a clock, a desk, a notebook, and a healthy snack."
"Renewable energy sources, such as solar, wind, and hydropower, are becoming increasingly popular as alternatives to fossil fuels. Renewable energy is clean, sustainable, and reduces greenhouse gas emissions that contribute to climate change. The technology for renewable energy has also improved, making it more efficient and cost-effective. While there are still challenges to transitioning to 100% renewable energy, it is becoming a viable solution to our energy needs.","Create a mixed media artwork that celebrates the beauty and benefits of renewable energy sources. Use elements such as solar panels, wind turbines, and hydropower plants, as well as natural landscapes, such as mountains, oceans, and forests, to create a visually stunning composition that inspires awareness and action for sustainable energy."
"Learning a second language has many benefits, including cognitive, social, and cultural advantages. It can improve memory, attention, and problem-solving skills. It also provides opportunities for cross-cultural communication, travel, and career advancement. Additionally, learning a second language can increase empathy and tolerance, as well as promote a deeper understanding of different cultures and perspectives.","Create a visual representation of a person learning a second language, such as studying vocabulary, practicing pronunciation, or engaging in conversation with a native speaker. Use symbols and elements that represent the target language and culture, as well as images that convey the cognitive and social benefits of language learning."
"Social media has had a significant impact on politics, from grassroots movements to political campaigns and elections. It provides platforms for political discussion, activism, and mobilization. However, it also raises issues such as fake news, filter bubbles, and polarization. Social media algorithms can reinforce biases and create echo chambers, while spreading disinformation and propaganda. The impact of social media on politics is complex and multifaceted, with both positive and negative effects.","Create a digital artwork that explores the relationship between social media and politics. Use symbols and icons that represent political parties, candidates, and social media platforms, as well as images that convey the risks and benefits of online political discourse. The artwork can include elements such as hashtags, memes, and viral videos."
"Outdoor recreation, such as hiking, camping, and cycling, has many benefits for physical, mental, and social well-being. It promotes physical fitness, reduces stress, and improves mood. Outdoor recreation also provides opportunities for adventure, exploration, and connection with nature. It can foster a sense of community and environmental stewardship. By incorporating outdoor recreation into daily life, individuals can improve their health and quality of life.","Create a landscape painting that depicts a scene of outdoor recreation, such as a hiker on a mountain trail, a camper by a lake, or a cyclist on a scenic road. Use colors, textures, and lighting to convey the beauty and tranquility of nature, as well as the physical and mental benefits of outdoor activity."
"Creativity is a complex process that involves various cognitive and emotional factors. Scientific studies have shown that creativity involves different brain regions and neurotransmitters, such as the prefrontal cortex, the amygdala, and dopamine. Creativity is also influenced by environmental and social factors, such as culture, education, and social support. By understanding the science behind creativity, individuals can enhance their creative potential and improve their creative output.","Create an abstract artwork that represents the process of creativity. Use colors, shapes, and patterns to convey the different brain regions and neural pathways involved in creativity, as well as the environmental and social factors that shape it. The artwork can include elements such as a brain, a paintbrush, or a light bulb."
"Volunteering has many benefits, both for individuals and society. It promotes civic engagement, social responsibility, and community building. Volunteering can also improve mental and physical health, as well as provide opportunities for learning new skills and gaining work experience. Additionally, volunteering can create a sense of purpose and fulfillment, and contribute to positive social change.","Create a mixed media artwork that celebrates the impact of volunteering on individuals and communities. Use symbols and images that represent different types of volunteer work, such as feeding the hungry, mentoring children, or cleaning up the environment. The artwork can also include elements that highlight the personal and social benefits of volunteering, such as a smile, a handshake, or a thank you note."
"Living in a multicultural society can present challenges and opportunities. On the one hand, it can create diversity, tolerance, and cultural exchange. On the other hand, it can also lead to issues such as discrimination, prejudice, and conflict. Living in a multicultural society requires open-mindedness, respect, and empathy. It involves learning about different cultures, traditions, and beliefs, as well as appreciating their uniqueness and value. By embracing diversity and inclusivity, individuals and communities can build a more harmonious and prosperous society.","Create a collage artwork that explores the complexity and diversity of multiculturalism. Use images and symbols that represent different cultures, such as flags, food, music, and clothing. The artwork can also include elements that reflect the challenges and benefits of living in a multicultural society, such as bridges, hands, and hearts."
"Practicing gratitude has many benefits for mental and emotional well-being. It can reduce stress, improve mood, and enhance social relationships. Gratitude also promotes a positive outlook on life and increases resilience. Practicing gratitude can involve simple actions, such as expressing appreciation, keeping a gratitude journal, or reflecting on positive experiences. By cultivating a habit of gratitude, individuals can improve their overall quality of life.","Create an artistic representation of a person practicing gratitude, such as writing a thank-you note, holding hands with a loved one, or looking at a beautiful sunset. Use colors, textures, and lighting to convey the warmth and positivity of gratitude, as well as the emotional and social benefits of expressing it."
"Automation, such as robotics, artificial intelligence, and machine learning, is changing the nature of work and employment. While automation can increase productivity, efficiency, and safety, it also has implications for job displacement, income inequality, and skill requirements. Automation affects different industries and occupations in different ways, and requires new policies and strategies to address its impact on the workforce.","Create a graphic illustration that represents the relationship between automation and the workforce. Use symbols and icons that represent different types of jobs and tasks, as well as images that convey the benefits and challenges of automation. The illustration can include elements such as a robot, a worker, a computer, or a wrench."
"Creativity can enhance productivity, innovation, and job satisfaction in the workplace. It fosters a culture of openness, collaboration, and experimentation. Creativity also enables problem-solving and decision-making, as well as adaptation to change and uncertainty. Employers can encourage creativity by providing a supportive environment, allowing for flexibility and autonomy, and recognizing and rewarding creative achievements.","Create a poster that promotes creativity in the workplace. Use colors, fonts, and graphics that convey the excitement and energy of creativity, as well as the practical benefits for individuals and organizations. The poster can include elements such as a light bulb, a paintbrush, a puzzle piece, or a brainstorming session."
"Emotional intelligence is a key factor in effective leadership. It involves self-awareness, empathy, and social skills, and enables leaders to understand and connect with their team members, as well as navigate complex interpersonal dynamics. Emotional intelligence also promotes authenticity, trust, and ethical behavior. By developing emotional intelligence, leaders can enhance their leadership effectiveness and build a positive work culture.","Create a portrait of a leader who exemplifies emotional intelligence, such as displaying empathy, active listening, or conflict resolution. Use colors, textures, and facial expressions to convey the emotions and interpersonal skills involved in emotional intelligence, as well as the impact on leadership and teamwork."
"Mindfulness practices, such as meditation, breathing exercises, and body awareness, can reduce stress and improve well-being. Mindfulness promotes relaxation, concentration, and self-awareness, and enables individuals to manage their emotions and thoughts more effectively. Mindfulness can be practiced in various contexts, such as at home, at work, or in nature, and requires regular practice to reap its benefits.","Create a serene landscape that represents a peaceful and meditative environment. Use colors, textures, and lighting"
"Financial literacy is the knowledge and skills needed to manage personal finances effectively. It involves understanding concepts such as budgeting, saving, investing, and debt management. Financial literacy also enables individuals to make informed decisions about money, such as choosing the right insurance, loans, or credit cards. By improving financial literacy, individuals can increase their financial security and well-being.","Create an infographic that presents key financial concepts and strategies in a visually appealing and easy-to-understand format. Use symbols, charts, and graphs that convey financial information, as well as images that reflect the importance of financial literacy in daily life, such as a piggy bank, a credit score, or a retirement plan."
"Traveling can have many benefits for personal growth and development. It exposes individuals to new cultures, languages, and perspectives, and enables them to step out of their comfort zone and challenge their assumptions. Traveling also promotes creativity, independence, and resilience, and provides opportunities for adventure and self-discovery. By traveling, individuals can broaden their horizons and gain a deeper appreciation for the world and themselves.","Create a travel journal that documents a person's journey of personal growth through travel. Use images, sketches, and annotations that capture the sights, sounds, and emotions of different destinations, as well as reflections on the lessons and insights gained from the experience. The travel journal can include elements such as a passport, a map, a camera, or a journal."
"Volunteering has many benefits, both for individuals and society. It promotes civic engagement, social responsibility, and community building. Volunteering can also improve mental and physical health, as well as provide opportunities for learning new skil","Create an infographic that presents key financial concepts and strategies in a visually appealing and easy-to-understand format. Use symbols, charts, and graphs that convey financial information, as well as images that reflect the importance of financial literacy in daily life, such as a piggy bank, a credit score, or a retirement plan."
"Traveling can have many benefits for personal growth and development. It exposes individuals to new cultures, languages, and perspectives, and enables them to step out of their comfort zone and challenge their assumptions. Traveling also promotes creativity, independence, and resilience, and provides opportunities for adventure and self-discovery. By traveling, individuals can broaden their horizons and gain a deeper appreciation for the world and themselves.","Create a travel journal that documents a person's journey of personal growth through travel. Use images, sketches, and annotations that capture the sights, sounds, and emotions of different destinations, as well as reflections on the lessons and insights gained from the experience. The travel journal can include elements such as a passport, a map, a camera, or a journal."
"Social media can have both positive and negative effects on mental health. On the one hand, it can provide social support, connection, and validation, and enable individuals to express themselves and share their experiences. On the other hand, it can lead to issues such as social comparison, cyberbullying, and addiction, and exacerbate existing mental health conditions such as anxiety and depression. By using social media mindfully and intentionally, individuals can mitigate the risks and maximize the benefits of social media on mental health.","Create a mixed media artwork that explores the relationship between social media and mental health. Use symbols and icons that represent different social media platforms and mental health concepts, as well as images that convey the emotional and psychological effects of social media. The artwork can include elements such as a heart, a screen, a like button, or a hashtag."
"Exercise has many benefits for physical and mental health. It promotes cardiovascular health, muscle strength, and bone density, as well as improves mood, cognitive function, and sleep quality. Exercise also reduces the risk of chronic diseases such as diabetes and cancer, and enables individuals to cope with stress and anxiety more effectively. By incorporating exercise into daily life, individuals can enhance their overall health and well-being.","Create a series of illustrations that depict different forms of exercise, such as jogging, yoga, or weightlifting. Use colors, textures, and body positions that convey the energy and movement of exercise, as well as the physical and mental benefits. The illustrations can include elements such as a stopwatch, a gym bag, or a water bottle."
"Empathy is the ability to understand and share the feelings of others. It is a key factor in effective interpersonal communication, as it enables individuals to connect with others, build trust, and resolve conflicts. Empathy involves active listening, perspective-taking, and emotional regulation, and requires both cognitive and emotional skills. By developing empathy, individuals can improve their relationships and communication skills.","Create a portrait of two people engaged in empathetic communication, such as active listening, offering support, or validating emotions. Use colors, textures, and facial expressions that convey the emotions and attitudes involved in empathy, as well as the benefits for interpersonal relationships and communication."
"Climate change is a major threat to biodiversity, as it affects ecosystems, habitats, and species in various ways. Climate change can alter temperature and precipitation patterns, disrupt migration and breeding cycles, and increase the risk of extinction. Climate change also affects the interactions between species and their environment, such as pollination, predation, and competition. By addressing climate change, individuals and societies can protect biodiversity and ensure the sustainability of ecosystems.","Create an illustration that depicts the relationship between climate change and biodiversity. Use symbols and icons that represent different ecosystems and species, as well as images that convey the effects of climate change, such as melting ice caps, changing weather patterns, and rising sea levels."
"Intergenerational connections, such as those between children and seniors, have many benefits for both individuals and communities. They promote mutual respect, understanding, and empathy, and enable the transfer of knowledge, skills, and experiences across generations. Intergenerational connections also provide opportunities for social engagement, support, and care, and contribute to positive aging and youth development. By fostering intergenerational connections, individuals and communities can enhance social cohesion and well-being.","Create a photo montage that depicts different forms of intergenerational connections, such as playing games, sharing stories, or volunteering together. Use colors, lighting, and facial expressions that convey the warmth and joy of intergenerational connections, as well as the benefits for individuals and communities. The photo montage can include elements such as a book, a toy, a flower, or a walker."
"Technology is transforming the field of education, from teaching and learning methods to access and affordability. Technology can enhance educational opportunities, such as online courses, educational apps, and virtual reality simulations. Technology can also facilitate collaboration, communication, and feedback, as well as enable personalized and adaptive learning. However, technology also raises challenges such as privacy, security, and equity, and requires careful planning and implementation.","Create an infographic that presents the impact of technology on education in a visually engaging and informative way. Use symbols, charts, and graphs that convey educational concepts and data, as well as images that reflect the benefits and challenges of technology in education, such as a tablet, a headset, or a classroom."
"Mentorship is a valuable tool for career development and advancement. It involves the guidance, support, and advice of a more experienced professional, who shares their knowledge, skills, and networks with a less experienced mentee. Mentorship can provide opportunities for learning, skill-building, and networking, as well as increase confidence and job satisfaction. Mentorship can also foster personal growth and contribute to positive social change.","Create a painting that depicts a mentor and a mentee engaged in a conversation or activity that reflects the benefits of mentorship for career development. Use colors, textures, and lighting that convey the relationship and dynamics between the mentor and mentee, as well as the benefits for personal and professional growth."
"Social determinants, such as income, education, housing, and social support, have a significant impact on health outcomes and disparities. Social determinants can affect access to health care, healthy food, and safe environments, as well as influence lifestyle choices and behaviors. Social determinants also affect physical and mental health through stress, discrimination, and trauma. Addressing social determinants requires a comprehensive and collaborative approach that involves individuals, communities, and policies.","Create an infographic that presents the impact of social determinants on health in a visually engaging and informative way. Use symbols, charts, and graphs that convey social determinants and health outcomes, as well as images that reflect the importance and complexity of addressing social determinants."
"Diversity in the workplace has many benefits, such as promoting creativity, innovation, and problem-solving. Diversity also enables a wider range of perspectives, experiences, and talents, and enhances cultural competence and awareness. Diversity can also improve organizational performance, as well as attract and retain diverse talent. To leverage the benefits of diversity, organizations need to foster an inclusive and respectful work culture that values and supports diversity.","Create a poster that promotes diversity and inclusion in the workplace. Use colors, fonts, and graphics that convey the benefits and values of diversity, as well as images that reflect the diversity of individuals and cultures in the workplace, such as a flag, a handshake, or a team photo."
"Globalization, such as the flow of goods, information, and people across borders, has a significant impact on culture and identity. Globalization can promote cultural exchange, diversity, and understanding, as well as enable access to new ideas, products, and experiences. Globalization can also lead to cultural homogenization, appropriation, and marginalization, as well as affect local traditions and values. To manage the impact of globalization on culture, individuals and societies need to balance openness and diversity with preservation and respect.","Create a mixed media artwork that explores the relationship between globalization and culture. Use symbols and icons that represent different cultures and globalization concepts, as well as images that convey the opportunities and challenges of globalization, such as a passport, a map, or a cultural artifact."
"Meditation has many benefits for mental and emotional well-being, such as reducing stress, anxiety, and depression, as well as improving focus, attention, and self-awareness. Meditation involves different techniques, such as mindfulness, visualization, and mantra, and can be practiced in various settings, such as at home, at work, or in nature. By incorporating meditation into daily life, individuals can enhance their overall well-being and resilience.","Create a series of illustrations that depict different types of meditation, such as sitting, walking, or lying down. Use colors, textures, and patterns that convey the calm and peacefulness of meditation, as well as the benefits for mental and emotional health. The illustrations can include elements such as a cushion, a candle, or a nature scene."
"Plastic pollution is a major environmental issue that affects oceans, wildlife, and human health. Plastic waste can harm marine life through ingestion and entanglement, as well as leach toxic chemicals into the environment. Plastic pollution also affects food chains, ecosystems, and biodiversity, and contributes to climate change through greenhouse gas emissions. Addressing plastic pollution requires a multi-faceted approach that involves reducing, reusing, and recycling plastic, as well as promoting sustainable alternatives.","Create a sculpture that raises awareness about plastic pollution and its impact on the environment. Use materials such as plastic waste, metal, or wood that convey the message and symbolism of the sculpture, as well as the aesthetic and functional qualities. The sculpture can include elements such as a fish, a bottle, or a wave."
"Volunteering has many benefits for personal and social growth, such as enhancing self-esteem, empathy, and social skills, as well as increasing civic engagement and social capital. Volunteering involves giving time, skills, or resources to support a cause or organization, and can be done individually or in groups. Volunteering also provides opportunities for learning, networking, and personal fulfillment, as well as contributing to positive social change.","Create a collage that depicts different forms of volunteering, such as teaching, fundraising, or community service. Use colors, patterns, and images that convey the diversity and impact of volunteering, as well as the benefits for personal and social growth. The collage can include elements such as a handshake, a thank-you note, or a volunteer badge."
"Social media has a significant impact on mental health, as it can affect self-esteem, body image, and social comparison, as well as increase stress, anxiety, and depression. Social media can also provide opportunities for social support, self-expression, and positive feedback, as well as enable access to information and resources. To mitigate the negative impact of social media on mental health, individuals need to practice digital well-being, such as setting boundaries, seeking help, and promoting positive content.","Create a digital artwork that reflects the impact of social media on mental health. Use symbols, emojis, and images that convey the emotions and attitudes involved in social media use, as well as the benefits and challenges for mental health. The artwork can include elements such as a heart, a like button, or a message bubble."
"Arts education has many benefits for cognitive and emotional development, such as enhancing creativity, critical thinking, and problem-solving, as well as improving self-awareness, empathy, and communication. Arts education involves different forms of artistic expression, such as music, theater, dance, and visual arts, and can be integrated into different academic disciplines. Arts education also provides opportunities for cultural enrichment, social engagement, and lifelong learning.","Create a mixed media artwork that reflects the benefits of arts education for cognitive and emotional development. Use colors, textures, and shapes that convey the creativity and diversity of arts education, as well as the benefits for personal and social growth. The artwork can include elements such as a paintbrush, a musical note, or a stage."
"Automation is transforming the future of work, as it affects job availability, skill requirements, and working conditions. Automation can enable productivity, efficiency, and innovation, as well as improve working conditions and safety. Automation can also lead to job displacement, skills gaps, and income inequality, as well as affect social and psychological well-being. To adapt to the impact of automation, individuals and societies need to develop new skills, policies, and attitudes.","Create an infographic that presents the impact of automation on the future of work in a visually engaging and informative way. Use symbols, charts, and graphs that convey the concepts and data related to automation and work, as well as images that reflect the opportunities and challenges of automation, such as a robot, a factory, or a laptop."
"Outdoor recreation has many benefits for physical and mental health, such as reducing stress, anxiety, and depression, as well as promoting fitness, resilience, and social connection. Outdoor recreation involves different forms of outdoor activities, such as hiking, biking, camping, and fishing, and can be done in various settings, such as parks, forests, and beaches. Outdoor recreation also provides opportunities for environmental awareness, cultural learning, and adventure.","Create a poster that promotes outdoor recreation and its benefits for physical and mental health. Use colors, fonts, and images that convey the beauty and diversity of nature, as well as the benefits and values of outdoor recreation. The poster can include elements such as a tree, a mountain, or a sunset."
"Gender stereotypes are pervasive cultural beliefs and expectations about the roles, traits, and behaviors associated with gender. Gender stereotypes can affect socialization, identity formation, and interpersonal relationships, as well as contribute to gender inequality and discrimination. Gender stereotypes also affect individuals' mental health and well-being, as they can lead to pressure, stigma, and self-doubt. To challenge gender stereotypes, individuals and communities need to promote gender diversity, respect, and inclusion.","Create a series of illustrations that challenge gender stereotypes and promote gender diversity. Use colors, shapes, and images that convey the complexity and fluidity of gender, as well as the benefits and values of gender diversity. The illustrations can include elements such as a person with different gender expressions, a rainbow, or a gender-neutral bathroom sign."
"Intergenerational relationships have many benefits for personal and social growth, such as enhancing empathy, respect, and cultural awareness, as well as reducing loneliness, isolation, and ageism. Intergenerational relationships involve different forms of interactions, such as mentoring, volunteering, and socializing, and can occur in various settings, such as schools, communities, and workplaces. Intergenerational relationships also provide opportunities for intercultural learning, mutual support, and social change.","Create a mixed media artwork that reflects the benefits of intergenerational relationships for personal and social growth. Use colors, textures, and patterns that convey the diversity and richness of intergenerational relationships, as well as the benefits for personal and social growth. The artwork can include elements such as a hand holding another hand, a book, or a flower."
"Climate change is a global environmental issue that affects the environment, ecosystems, and human health. Climate change can cause extreme weather events, sea level rise, and biodiversity loss, as well as affect food security, water supply, and air quality. Climate change also affects human health through heat stress, air pollution, and vector-borne diseases. Addressing climate change requires a comprehensive and collaborative approach that involves individuals, communities, and policies.","Create a sculpture that raises awareness about climate change and its impact on the environment and human health. Use materials such as recycled materials, metal, or wood that convey the message and symbolism of the sculpture, as well as the aesthetic and functional qualities. The sculpture can include elements such as a globe, a thermometer, or a leaf."
"Cultural immersion has many benefits for intercultural competence, such as enhancing understanding, empathy, and communication, as well as reducing prejudice, stereotypes, and discrimination. Cultural immersion involves experiencing different cultures and lifestyles, such as through travel, study abroad, or intercultural exchange, and can provide opportunities for personal growth, global citizenship, and lifelong learning. Cultural immersion also requires openness, curiosity, and respect for different cultures and perspectives.","Create a travel journal that documents the experience of cultural immersion and its benefits for intercultural competence. Use colors, textures, and images that convey the beauty and diversity of different cultures, as well as the insights and reflections gained from cultural immersion. The travel journal can include elements such as a map, a photo, or a souvenir."
"Urbanization is a global trend that affects the environment, society, and economy. Urbanization can cause land use changes, pollution, and resource depletion, as well as affect social inequality, cultural diversity, and public health. Urbanization also provides opportunities for innovation, creativity, and collaboration, as well as improve access to education, healthcare, and technology. Addressing the impact of urbanization requires a sustainable and equitable approach that balances economic growth, social well-being, and environmental protection.","Create a mural that depicts the impact of urbanization on the environment and society in a visually engaging and informative way. Use colors, shapes, and images that convey the different aspects and dimensions of urbanization, as well as the opportunities and challenges for sustainable development. The mural can include elements such as a city skyline, a tree, or a person."
"Mindfulness has many benefits for mental and emotional well-being, such as reducing stress, anxiety, and depression, as well as improving focus, attention, and self-awareness. Mindfulness involves being present and non-judgmental in the moment, and can be practiced through different techniques, such as breathing, body scan, and meditation. Mindfulness also provides opportunities for personal growth, resilience, and compassion.","Create a set of illustrations that depict the benefits of mindfulness for mental and emotional well-being. Use colors, patterns, and images that convey the calm and peacefulness of mindfulness, as well as the benefits for mental and emotional health. The illustrations can include elements such as a person meditating, a flower, or a bird."
